#Open,High,Low,Close,Adj Close,Volume
16200,16250,15450,561976,15750
15950,16400,15350,674494,15450
15600,15900,15050,326754,15050
14950,15300,14800,265866,15050
14950,15100,14400,237112,14450
14050,14350,13850,236326,13850
14000,14650,13850,251412,14450
14450,14450,13950,171879,14350
14400,15300,14150,370717,15200
15250,15750,15050,324818,15400
15500,15600,15050,211972,15100
15000,15650,14900,171437,15400
15650,16050,15250,377179,15500
15450,15550,15000,146352,15200
15000,15300,14700,132438,14800
15000,15100,14550,159719,14600
14600,14850,14450,116758,14700
15100,15200,14650,165323,14650
14600,14850,14500,112215,14700
15000,15750,14850,292969,15600
15600,16400,15450,427102,16300
16200,16550,16050,262646,16100
16300,16750,15900,184626,16050
16150,16400,15700,163830,15700
15950,16700,15750,416973,16700
16550,17100,16400,242762,16800
16650,16900,16250,227501,16450
16600,17750,16600,698043,17500
17500,18000,17250,357168,17800
17850,18300,17350,237385,17400
17400,18100,17250,298233,17400
17400,17800,17000,212725,17300
17100,17300,16650,172920,17100
17100,17700,16950,188583,17700
17600,17950,17150,266146,17900
17700,17800,17450,219381,17650
17750,18100,17650,259792,17750
18000,18000,17400,150971,17650
17650,18000,17300,212864,18000
18200,18250,17550,183459,17550
17300,17850,17200,143022,17450
17700,17750,16550,466735,17100
17250,17400,16550,173069,16700
16750,17200,16650,134273,16800
16950,17300,16850,143104,17100
17300,17550,16900,111361,17100
17200,18000,17150,266184,18000
17900,19000,17750,424712,18200
18350,18600,17850,158939,17950
17950,18600,17650,176619,17850
18200,18450,17400,175813,17400
17550,18300,17200,189480,18200
18200,18600,18100,189543,18200
18200,19100,17850,270729,18850
19150,19200,18700,178860,18800
18700,18950,18300,198586,18850
18950,20400,18950,533770,19450
19550,20250,19550,360891,20000
20350,21000,19800,364482,19850
20000,20350,19500,320600,20300
20200,20900,20000,246761,20550
20650,21000,20150,317227,20800
20650,20800,19950,288125,20400
20500,20600,19100,350980,19600
19500,20200,19400,161984,20150
20150,20650,19900,150069,20150
20200,21250,20200,322625,20600
20800,21550,19650,347029,19650
20300,20750,18400,466070,18500
18600,19000,16800,681162,18200
18350,18450,17600,359680,17600
17550,18200,17200,310349,17650
17650,18950,17650,305761,18700
19100,19100,18300,174630,18750
18950,19050,18100,188990,18100
18000,18000,16900,506879,17100
16200,17600,16200,282489,17300
17700,18200,17500,310125,17950
17950,18050,17200,165551,17500
17400,17800,16950,211650,17300
17050,18150,17050,152270,17850
18150,19100,17900,369293,19000
19350,19550,18800,264300,18850
19000,19400,18900,193284,19050
19350,19400,19000,126755,19000
19200,19200,18350,172230,18400
18400,18750,17600,206227,17750
17900,18200,17800,174190,18200
18300,18800,17900,189341,18550
18700,18700,18250,111668,18550
18450,18500,18200,183440,18300
18450,19300,18400,450120,19300
19300,19750,19150,370694,19250
19500,19550,19000,181860,19500
19100,19250,18800,167721,19050
19350,20600,19250,425602,20350
20350,20550,19850,183651,19850
20000,20250,19450,106836,19650
19550,19750,18950,153131,19400
19400,19600,19000,150083,19100
19100,19500,18950,167865,18950
19150,20050,19100,378599,19750
19900,20450,19450,259094,20450
20550,20650,19750,207645,20050
20050,20100,19650,203212,19800
19800,20200,19350,243645,19650
19850,21000,19550,359757,20850
20850,21200,20550,310475,20950
20950,21400,20600,217822,21300
21400,21700,21000,269688,21600
21550,22950,21200,408179,22750
22900,22950,22000,237216,22100
22000,22400,21700,162454,21700
21600,23850,21600,475263,23400
23400,25150,22800,726488,25000
25000,26000,24250,376315,24300
24000,25400,24000,280139,24100
24400,24700,23600,196268,23600
23700,24600,23450,242454,24500
24550,25900,23300,527446,23950
23750,24400,23200,350617,23950
23800,24550,23650,317834,24100
24750,25600,24350,338559,25450
25050,26150,24900,349299,25200
25600,25800,24050,229855,24450
24900,24950,23750,264376,24300
25000,25550,24650,286623,24900
24700,24900,23750,206380,24550
24200,25450,24200,330930,25200
25500,26100,24650,339211,25250
25250,26000,24900,234022,26000
26200,26350,25600,181630,25600
25500,26000,25200,185170,25250
25550,25550,22500,492534,22900
23500,24450,23150,347605,24250
24050,24300,23350,300776,23600
23000,23500,22750,165104,23000
22750,24150,22750,225980,23400
23200,23400,22000,285275,22550
22550,23200,22300,157565,22900
22800,23150,22050,151618,22100
21900,22550,21400,178561,21500
21900,23100,21700,221279,23000
23250,23500,22850,186801,23250
23800,23800,23050,146131,23100
24000,24900,23700,319457,24800
25200,25250,24650,244041,24900
25200,25450,24400,210006,25100
24500,25000,24400,112515,24900
25800,26100,24700,284330,25750
25750,25900,23000,266462,24500
24700,25100,23750,321408,25000
24200,24650,23900,267215,24250
24800,26500,24500,612477,26500
26650,27350,26250,438928,26900
27100,28400,26850,434343,27400
27400,29750,27050,590264,28200
28550,29050,28200,224945,29000
29500,29950,28000,330543,28150
28150,28150,27350,330232,27750
27750,28400,27450,349250,28400
28800,29200,28250,452504,28350
28800,28800,27500,479382,27750
27700,29000,27650,434781,28650
28700,28750,27850,240081,28200
28100,30000,28050,493214,29650
29950,30850,29500,577202,30400
30950,31350,30100,393175,31200
31500,32000,30850,285950,31200
31200,33250,31000,363878,33200
33600,34200,32350,497230,32500
32000,32800,31150,412346,32500
32900,33250,32200,289024,32950
33300,35300,33250,606804,35300
35750,36600,35100,788551,35900
35600,38000,34900,774234,36550
37200,37650,35550,563977,35800
36050,37350,34450,634473,37000
37150,37750,36100,429262,36150
35650,36300,34050,897205,35000
35100,35450,32800,1452946,33000
33900,34950,31300,1313271,32050
32350,33400,31700,500622,32650
32500,32950,30950,603997,32300
32300,32800,31450,392136,31900
31650,33000,31200,545049,32050
32650,33300,32000,395328,33200
32550,32550,29950,592750,30950
31000,31550,30350,253516,30750
31400,31600,30400,439454,31350
30400,30750,30150,276655,30150
30400,30500,28800,432342,29150
28550,29750,28250,404308,29000
29200,30250,29000,366978,29900
30350,31950,30200,503394,31750
32200,32600,30900,463713,31000
31250,32150,30100,328080,32100
31800,32100,29800,373260,30100
29700,30700,29600,220130,30350
30350,31050,28400,380924,28500
29100,29800,27200,508526,29450
29500,30300,29100,206155,29250
29650,30500,29250,260217,30100
30150,32400,30100,675865,32000
32350,33150,31650,417948,32600
31600,33450,31200,441312,33400
33800,33800,32100,406405,32200
31600,31900,29200,614688,29200
29400,29900,28450,386934,29100
29100,29850,29000,409470,29150
29600,30400,29200,253242,29200
28700,29100,27150,326168,27700
27450,29300,27450,274453,28750
29200,29550,28850,168426,29350
28750,28800,27750,241697,28100
28700,29200,28300,352118,29150
29050,29550,28250,175783,28300
28750,30050,28650,425323,30050
30500,32750,30150,820480,32750
32500,33600,32100,542517,32100
32100,32650,30500,451025,31950
31950,32150,30800,216989,31350
31900,32600,31350,342290,31500
32200,32500,31350,339481,31900
32100,32500,31400,289951,32300
32650,32800,30900,596797,31650
31900,33150,31500,462860,33100
33600,35250,33250,1134095,35250
34900,34950,33750,1341002,34650
34850,36000,33900,1424398,35900
35950,36250,35100,684501,35450
35050,35550,34500,454606,35000
34250,35300,34250,542515,34600
34850,36450,34000,726671,36100
36100,37350,35700,695340,37250
37100,37600,36750,296742,37300
37600,37800,36150,344399,36200
36100,36700,34500,604190,35750
36250,36250,34600,610737,34900
34800,35300,33200,635310,33800
34650,36400,34450,655629,36100
35900,36250,35300,285269,35300
35850,36900,35500,405632,36650
36550,37300,36250,309470,37300
36450,37450,36400,267459,37200
37000,37400,35750,351713,36350
36750,37000,35950,344825,36300
36200,36500,34400,265277,34400
33650,34050,32500,615682,33200
33750,34050,32050,396716,32100
30000,30750,28450,761608,28900
28500,30250,26450,693486,29600
29200,30000,25450,907520,29900
32100,32150,30500,713465,30550
28850,31900,28850,405949,31350
32000,32200,29400,441870,29400
30500,31300,30500,270877,30950
31400,33350,30950,453155,32900
32900,34450,32600,580469,33850
32500,34000,30500,454993,31800
32000,32500,29600,247328,29600
30550,31350,30050,309642,30700
31450,32700,30550,351688,30700
31300,31750,29200,425887,29700
29250,29950,28750,271335,29800
30550,32250,29800,496336,31850
32000,32350,30500,380637,31600
31950,33600,31800,465248,33600
33500,34700,33000,461097,33650
33650,35050,33050,407662,34800
34450,34500,33150,238394,33150
32300,34100,32050,316101,33250
33900,34350,33300,226465,33900
34350,35250,33000,548658,33550
33000,33500,31350,381627,32500
32350,32450,30650,267020,31450
32150,32700,30300,301910,32100
32700,33000,31700,407002,33000
32500,33050,31300,248630,31700
31700,32000,30800,216036,31400
31650,33250,31600,404038,32650
31900,32200,30500,304586,31200
29400,29900,27900,515254,27900
28500,28600,23750,618370,24300
25900,26200,25000,797478,25700
26350,26950,25000,575253,25000
24550,25100,23900,650343,24700
25200,25950,24550,730497,24900
22900,22900,21200,1312733,21200
21500,21600,18050,1955951,18350
19500,20200,19300,1443412,19700
20600,22600,20450,1353258,22300
22800,23450,22500,715858,22650
23750,23950,22900,619323,22900
23200,23950,22450,476030,23850
24300,24500,23700,536434,23900
23800,24250,23150,301704,24050
24500,25100,24200,472537,24900
24000,24500,23800,463594,24500
25000,25300,23350,604403,23850
23850,24600,21200,746225,21800
22350,23050,21550,561535,23000
23450,24000,23300,380990,23700
24000,25300,23900,866671,24100
23550,24300,23200,360901,24100
24850,27700,24600,1644388,27700
28300,29650,27200,1208560,27300
27700,28350,27250,456195,27450
26750,27400,26300,452741,26550
25200,26000,24700,565779,26000
26300,26400,25000,364828,25000
26250,27400,26100,580325,26900
26800,27750,26450,541130,27700
28200,28350,27300,410757,27500
28250,28850,27750,531329,27800
26900,26900,25750,709704,26250
26900,27450,26450,357229,27450
28000,28800,27800,477942,28650
28600,29150,27850,496813,27900
28400,28600,27150,375270,27150
27500,27900,26650,312956,27900
27000,27750,26650,362643,27650
27800,27900,26900,273371,26900
26000,26700,25000,964798,25350
25400,25400,23200,1088059,23300
23950,24550,23350,621115,24300
23850,24250,22500,560753,23250
23600,24100,23500,262689,23900
24400,24650,23900,511414,23950
23700,24200,22800,771403,22800
24500,26000,24350,1361115,25250
25100,25950,25100,457893,25500
25800,25850,24950,441164,25500
25600,25750,24750,320908,24950
25000,25300,24400,300095,25200
25350,26100,25200,473693,25950
25400,25700,25050,355000,25100
25800,25800,24700,379255,24750
24200,24350,23750,315869,24150
24150,24400,23650,240796,24050
23450,23500,22800,333292,22950
23000,23450,22450,365385,22650
22800,22800,20300,635924,21000
21100,21500,20800,507713,21300
22300,22450,21800,378686,21800
21600,21900,21350,198869,21700
22250,22400,22100,274694,22200
22450,22500,21950,205668,22050
21900,22150,20600,277491,21300
21250,21250,20350,312535,20600
20300,21000,20100,315061,20950
20900,22050,20700,349971,21950
22150,22750,21950,439054,22500
22700,22700,22150,256617,22600
22700,23250,22400,350095,23100
23000,23000,22050,335070,22150
21950,22000,21150,258333,21300
21500,22500,21500,248042,22500
22900,23000,22250,323139,22550
22500,23350,22500,304929,22800
23300,24150,23250,812685,23900
23600,23800,23250,270263,23500
23950,25150,23700,598475,24750
24800,25050,24100,278865,24250
24600,24800,23800,274416,24450
24450,25150,24350,291183,24700
25150,25350,24250,236443,24400
24800,24950,24650,249398,24950
25050,25100,24300,174722,24800
24750,25200,24350,121929,24500
24500,25800,24500,353888,25400
25400,26400,25300,349689,26400
26850,27850,26800,544768,27250
27500,28200,27000,426897,28100
28700,28700,27000,425011,27600
27600,27900,27050,274552,27450
27600,29750,27550,687367,29450
29450,29950,28950,383525,29850
29800,29850,28900,336406,29100
29000,29450,28450,168839,29250
29250,29900,29100,236512,29450
29700,29700,28650,197593,28850
28400,28600,27550,438899,27550
28300,29000,28150,400178,28850
29300,29550,28350,192265,28350
28700,28700,27750,240541,28200
28200,28850,28200,175898,28550
28300,28300,27800,116669,27800
28100,28200,26800,318922,27000
26650,27350,26050,274603,26050
26200,26850,25750,284596,26350
26550,27100,26350,263384,26750
27100,27400,26900,247362,27150
27000,27100,26200,192584,26350
26350,27850,26200,492926,27750
27400,27900,26700,466052,26900
27000,27300,26300,321598,27100
27200,27350,26450,202935,26750
26750,27150,26350,167635,26350
26500,26800,26350,88486,26400
27000,27100,26700,140039,26700
26700,26900,26050,170473,26250
26250,26300,25600,167392,25800
25900,26400,25850,118583,26300
26300,26600,25750,140382,25800
25450,25950,25100,206240,25400
25000,25200,23550,584175,24150
24000,24750,23700,215620,24650
24650,24850,23950,140811,24250
24400,24650,23550,288854,23800
23650,24150,23600,139666,23800
23800,24450,23550,261975,24350
24200,24950,24000,182091,24650
24500,25000,24250,78967,24250
24150,24350,23500,233294,23850
23850,23850,22500,190889,22750
22600,22650,21900,329021,22200
22000,22950,21850,177899,22250
22200,22800,21950,142513,22350
22450,23900,22450,299932,23700
23300,23900,23300,139729,23900
24250,24350,23150,290397,23650
23600,23700,23300,98910,23550
23650,23750,22650,204420,22800
23200,23300,22850,186163,22850
23000,23150,22450,122382,22650
22350,22500,21500,365166,21600
21500,21800,21050,237516,21350
20800,21700,20700,168235,21150
21550,21550,20450,180258,20600
20900,21050,19200,457173,19600
19550,19700,18400,636067,18600
19050,19700,18650,382468,19650
19750,20250,19350,413642,19700
19650,19900,19450,140069,19850
19700,20150,19350,223785,20000
19500,19650,19000,235147,19000
19300,19400,19000,205424,19250
18950,19350,18700,244434,19000
18750,19100,18550,259613,18800
18950,19000,17850,329451,17950
18250,18250,17350,317163,17550
17100,17800,16700,440927,17800
17300,17600,16900,386928,17100
17000,17550,16750,371441,17100
16600,16850,15900,362991,16150
16400,16500,15650,315913,16000
16300,16700,15900,340217,16600
16750,16750,16000,274889,16050
16050,16350,15800,223141,16000
16100,16500,16050,304692,16350
16450,17450,16400,354960,17400
17350,17350,16750,336250,16850
16500,16550,16150,234566,16500
16450,16900,16300,184399,16450
15600,15850,15100,283655,15450
15650,15850,15500,171499,15750
16350,16550,16150,172156,16150
16550,16600,16050,167734,16150
16500,16900,16450,274619,16800
16300,16600,16250,212884,16500
16750,16800,16150,200702,16300
16300,16450,16000,196460,16300
16400,17250,16350,462350,17250
17550,18300,17400,558603,17950
17800,17900,17350,283902,17800
18100,18250,17700,270928,17900
17900,18250,17650,260514,17900
17550,17650,17050,326934,17100
17050,17100,16450,263879,17050
16800,17250,16750,162252,16850
17000,17050,16450,272624,16450
16550,16650,16100,196325,16250
16150,16700,16150,228447,16700
17100,17100,16800,175546,16900
16950,17600,16900,292311,17550
17600,17600,17250,250819,17250
17300,17950,17100,435965,17300
17550,17550,16650,400441,16800
16550,16900,16550,138432,16800
16900,16900,16300,174297,16350
16200,16450,16050,249896,16300
16350,16400,15500,304658,15550
15550,15650,14600,287965,15400
15600,15600,15200,132197,15350
15300,15800,14900,229967,15500
15450,15900,15300,174901,15300
15550,15850,15500,166154,15600
15700,15800,15350,113372,15450
15100,15100,14550,285034,14550
14250,14500,13400,580765,13850
13450,13600,13150,427642,13200
13250,13650,13000,341572,13650
13950,14200,13800,261810,14050
14300,14300,13600,191581,13700
13650,14450,13650,281439,14300
14200,14700,14100,216768,14300
14250,14550,14000,133883,14250
14050,14150,13900,100534,14050
14400,14750,14300,248097,14700
14700,14900,14600,169971,14900
14950,15150,14900,238328,15000
15000,15650,15000,360560,15400
15450,15800,15300,220378,15600
15700,15700,15200,168524,15200
15300,15500,15200,188888,15350
15250,15650,15250,157938,15400
15500,16200,15500,603391,16150
16250,16500,15950,346297,16200
16150,16350,15700,351601,15700
15700,15950,15350,301214,15350
15300,15450,15000,383777,15100
14850,15000,14800,149877,14900
15100,15350,15100,206094,15150
15200,15500,15200,185067,15300
15250,15350,15050,188454,15250
15300,15350,14700,257165,14750
14550,15000,14500,127891,14700
14850,14900,14650,143283,14750
14750,14950,14700,105337,14800
14700,14750,14100,263235,14100
14300,14350,14050,132268,14100
14450,14950,14350,254793,14950
15100,15100,14600,161018,14650
14600,14950,14500,132635,14750
14950,15300,14850,284051,15300
15450,15600,15150,296240,15450
15850,16200,15700,525141,16100
16200,17000,15950,765120,16800
16700,17300,16600,565297,17300
17350,17800,17200,529668,17600
17400,17650,17050,351763,17050
16950,17400,16950,297627,17300
17700,18250,17500,530047,18150
18050,18500,17600,459132,17650
17500,17500,17000,330718,17300
17050,17250,16250,446351,17050
17400,17400,16700,208573,16900
16850,17300,16700,198445,16700
16700,17250,16700,387449,17200
17250,17750,17250,337410,17400
17500,17650,17250,225037,17300
17200,17700,16850,286888,16900
16900,17450,16500,272003,17150
16950,17250,16600,208247,16600
16650,16850,15650,587542,16100
15950,16100,15400,386846,15500
15800,15850,14900,401255,15100
15250,15600,15200,277114,15450
15500,15550,14800,344519,14900
14900,14900,14600,287608,14900
14500,14950,14400,231733,14650
14550,14750,14300,230033,14300
13950,14050,13650,396306,13950
13950,14000,13200,455345,13600
13550,13750,12950,430176,13050
13050,13500,12800,278832,13200
13100,13650,13000,297489,13050
13200,13400,12850,373862,12900
12850,13200,12500,470552,12650
13000,13750,13000,788048,13250
13250,13550,13050,352649,13500
13500,13750,13350,283666,13650
13750,13750,13350,244564,13500
13100,13250,13050,257564,13250
13000,13700,12950,262518,13650
13650,13700,13150,201320,13200
13200,13250,12500,332072,12600
12500,12600,11850,483536,11900
11250,11550,10800,877269,10900
10850,11150,10800,361605,11100
11200,11550,11150,280799,11500
11800,11850,11100,299095,11200
11100,11300,10600,301117,10600
10700,10900,10300,318323,10500
10550,10750,10350,258846,10700
10700,10800,10550,157837,10550
10600,11100,10550,395247,11100
11000,11000,10650,242650,10700
10900,11300,10850,374450,11100
11150,11200,10900,208129,11150
11150,11150,10800,242895,10800
10800,10800,10600,233895,10600
10600,10850,10600,211814,10850
10900,11700,10750,803026,11200
11300,11550,11150,337137,11200
11300,12150,11200,751109,11750
11900,12600,11850,971828,12500
12400,12650,12000,632165,12250
12150,12300,11600,860375,11900
11750,12350,11650,627820,12350
12350,12450,12000,321141,12000
12200,12950,12150,979786,12950
13000,13000,12500,645327,12600
12900,13000,12200,769497,12250
12200,12400,12100,214561,12400
12500,12850,12500,432377,12600
12500,12600,12350,224574,12400
12300,12700,12250,257962,12500
12700,13250,12450,901906,13000
13050,13200,12700,635719,12900
13000,13000,12400,531339,12550
12600,12600,12250,315472,12450
12350,12550,12100,361433,12100
12100,12300,12000,248546,12050
12100,12750,12000,662700,12650
12700,12700,12250,401274,12400
12200,12250,11900,430667,11950
11950,12250,11900,248906,11950
12150,12150,11550,296314,11550
11550,11750,11500,186751,11700
11800,11900,11600,197210,11650
11650,11700,11400,215021,11450
11500,11600,11400,198063,11500
11500,11750,11500,189005,11550
11600,11950,11500,255139,11550
11750,11850,11450,193426,11600
11600,11750,11550,154198,11550
11550,11750,11500,206834,11550
11650,11650,11200,287534,11300
11200,11400,10800,410979,10950
11000,11400,10850,370967,11350
11500,11500,11050,262373,11050
10900,11050,10850,180898,10900
11100,11300,10950,217827,10950
11150,11300,11000,195217,11200
11100,11150,10950,219040,11000
11000,11250,10950,239632,11200
11350,12400,11300,1262532,12100
12250,12350,12000,607842,12250
12200,12550,12150,461018,12500
12500,12550,12250,284968,12450
12350,12450,12150,367235,12250
12350,12850,12300,879022,12800
12600,12650,12200,658708,12250
12050,12400,11950,347555,12400
12550,12600,12350,351700,12500
12250,12300,11900,467773,12000
12050,12100,11350,760617,11450
11550,11700,11400,342567,11550
11600,11650,11200,323619,11200
11350,11600,11300,255133,11550
11700,11900,11450,303704,11500
11500,12000,11300,639673,12000
12050,12350,11800,727049,12200
12250,12250,11700,538316,11750
11750,12000,11500,495867,11550
11650,11650,11200,663881,11300
11350,11600,11300,386324,11550
11700,11800,11300,602165,11350
11300,11450,10950,574206,10950
11000,11300,11000,239535,11300
11250,11300,11050,273805,11100
11300,11550,11250,482723,11300
11250,11350,11100,277709,11200
11400,11400,11250,239602,11350
11300,11550,11250,304597,11500
11700,11750,11450,467397,11500
11550,11550,11300,177059,11350
11450,11600,11300,227611,11300
11350,11400,11200,203897,11250
11250,11400,11200,325240,11400
11450,11600,11250,284359,11300
11200,11250,10600,545828,10900
10850,11000,10200,500028,10350
10300,10600,10150,310176,10200
10100,10550,10050,343073,10200
10300,10450,10250,196955,10350
10500,10500,10200,315088,10250
10400,10500,10100,336903,10150
10150,10300,10100,162551,10250
10050,10200,10000,306389,10050
10100,10200,9330,830109,9370
9200,9770,9160,534829,9720
9600,9780,9460,269494,9480
9450,9660,9430,199861,9580
9570,9860,9550,254878,9860
10000,10200,9970,295239,10200
10200,10350,10100,267680,10250
10300,10300,10050,217223,10100
10050,10100,9830,244524,9940
10000,10300,9980,329504,10200
10200,10200,9860,296900,9890
10000,10050,9840,189362,9870
10000,10550,10000,586069,10300
10350,10400,10150,221955,10250
10350,10400,10050,265151,10100
10200,10600,10150,586966,10450
10500,10650,10150,361182,10150
10200,10250,10000,209695,10050
10150,10200,10000,265891,10150
10200,10200,9960,325277,10000
10000,10150,9980,351871,9980
10050,10100,9840,398430,9890
9940,10050,9650,528122,9680
9760,9900,9730,264737,9810
9800,9800,9450,526861,9450
9450,9530,9370,233117,9410
9410,9490,9350,235834,9370
9430,9600,9410,236786,9520
9620,9650,9500,286491,9540
9450,9520,9420,189031,9450
9520,9850,9490,648213,9530
9500,9500,9250,301521,9390
9350,9450,9150,404803,9170
9000,9130,8780,445734,8780
8850,8970,8490,262421,8550
8600,8710,8550,181834,8670
8540,8670,8210,461498,8250
8240,8380,8100,263468,8140
8100,8130,7800,531942,7800
7900,8130,7850,362428,7950
7990,8050,7640,321463,7660
7640,7760,7410,419477,7580
7580,7590,7260,475590,7290
7160,7170,6850,607460,6870
6700,6850,6600,582654,6730
6730,6830,6450,493386,6450
6330,6630,6210,541146,6300
6420,6480,6260,491708,6290
6390,6630,6370,454239,6540
6620,6840,6560,600423,6650
6590,6790,6590,278779,6790
6790,6840,6590,361506,6620
6670,6740,6410,334011,6410
6420,6630,6410,305509,6620
6660,7430,6660,1593355,7330
7310,7380,7080,536378,7150
7160,7290,6960,580111,7240
7280,7290,6910,535538,6980
7060,7670,7040,1246902,7480
7470,7470,7280,555162,7280
7280,7680,7230,795157,7680
7780,7780,7510,471516,7600
7630,7690,7490,364187,7580
7680,7680,7350,488380,7360
7440,7660,7400,555427,7540
7670,8140,7660,1115639,8100
8060,8100,7930,437930,7950
8050,8300,7980,644565,8060
8060,8340,7900,630550,8140
8300,8300,8030,374642,8070
8070,8110,7760,500862,7870
7910,8060,7810,334712,8060
8100,8130,7940,341848,7950
7930,8230,7740,653982,8120
8250,8270,8030,424408,8090
8090,8150,7950,354098,7980
7950,8000,7860,284428,7940
7850,7900,7520,893053,7580
7630,7750,7570,289954,7650
7650,7700,7380,432831,7400
7410,7600,7400,316357,7530
7530,7640,7520,318030,7540
7600,8240,7540,1534824,8140
8060,8610,7990,1697362,8500
8480,8500,8280,824153,8340
8330,8500,7990,1054074,8000
8100,8130,7600,959332,7710
7550,7650,7310,715542,7400
7560,7590,7440,409646,7460
7560,7630,7470,573738,7560
7500,7580,7410,500611,7410
7280,7600,7230,472134,7400
7550,7720,7510,581613,7580
7610,7620,7430,316405,7430
7480,7650,7430,310129,7630
7650,7840,7650,454508,7740
7750,7780,7600,364361,7620
7700,7900,7610,512559,7850
7870,7890,7680,403186,7760
7770,8040,7770,683578,7910
8020,8080,7930,698619,7950
8080,8440,8010,1404354,8290
8380,8510,8250,981659,8270
8300,8390,8160,579119,8210
8250,8420,8180,488868,8180
8090,8140,7860,766863,7960
8020,8430,7960,1057409,8370
8480,8690,8400,1737776,8520
8530,9050,8520,2197300,8950
9080,9450,9030,1885189,9210
9200,9390,9010,1227535,9270
9220,9320,9020,747516,9020
8920,9350,8820,1234118,9180
9290,9290,8780,1086618,8790
8770,8770,8480,818651,8600
8570,8680,8430,617259,8530
8470,8930,8310,1035000,8930
8880,8910,8760,652550,8780
8860,9180,8750,1125467,9020
9070,9360,8900,1075505,9210
9320,9510,9000,1147404,9030
8960,9220,8950,583677,8980
9150,9740,9080,1931626,9600
9650,9730,9370,1008471,9610
9630,9630,9080,1391068,9110
8120,8710,8080,3549865,8510
8630,8700,8300,1088691,8310
8390,8540,8310,519506,8540
8540,8550,8240,640477,8310
8300,8360,7930,959953,8100
8150,8340,8070,586755,8260
8320,8380,8140,434068,8140
8090,8090,7770,807008,7770
7810,7950,7610,590468,7950
7860,7930,7650,365419,7750
7750,7890,7590,378959,7660
7610,7760,7600,277828,7610
7670,7670,7020,917573,7020
7040,7330,7030,532412,7260
7350,7350,6770,613836,6820
6800,7000,6800,292416,6880
6840,6910,6600,386279,6600
6650,6790,6610,430373,6670
6690,6820,6670,320421,6710
6780,6950,6710,336768,6710
6680,7080,6680,591771,7040
7070,7120,6960,329426,7040
7020,7080,6810,258829,6860
6910,7140,6880,268709,7100
7040,7160,6930,299434,6960
7000,7080,6890,264053,7070
7070,7070,6880,284338,6960
6960,7040,6920,259495,6990
7030,7030,6760,441593,6810
6900,6900,6630,347356,6630
6630,6700,6450,457224,6480
6490,6570,6420,359479,6440
6420,6500,6320,308729,6410
6440,6540,6410,268780,6510
6570,6660,6470,290819,6480
6430,6490,6160,529563,6200
6220,6240,5930,533131,5930
5830,6130,5830,355203,6030
6030,6090,5950,237627,5980
5980,6030,5840,247252,5850
5990,6080,5840,333181,5890
5890,5970,5830,274745,5940
6020,6040,5800,356102,5800
5770,5930,5760,378627,5810
5890,5980,5810,430689,5940
5980,6080,5860,378367,6010
6040,6110,5940,356171,6010
6020,6370,5960,735403,6320
6350,6470,6260,419312,6410
6430,6450,6100,429745,6110
6090,6190,5970,414556,6110
6120,6130,5900,436743,5930
5890,6130,5890,342898,6130
6200,6200,5920,527279,5930
5920,5990,5870,448674,5940
5950,6050,5870,297653,5880
5890,5970,5820,307892,5840
5850,5900,5780,258031,5790
5850,6040,5820,479431,5990
6030,6040,5950,226875,5980
5980,6210,5970,537570,6080
6060,6150,5990,286035,6150
6150,6180,6030,460637,6070
6080,6160,6030,242643,6050
6060,6100,5920,299572,5940
5900,5920,5830,250633,5850
5720,5730,5550,484098,5550
5550,5610,5370,370157,5460
5510,5630,5510,210716,5610
5610,5610,5290,518650,5320
5180,5210,5100,389088,5130
5180,5260,5110,315761,5140
5140,5200,5020,531032,5060
5140,5170,5070,302260,5150
5180,5190,4990,580564,5030
5030,5180,5000,508709,5140
5200,5560,5160,1408996,5470
5410,5480,5330,537365,5330
5430,5710,5380,809774,5620
5710,5890,5650,965877,5710
5750,5810,5590,509784,5700
5710,5800,5630,346786,5660
5640,5700,5590,290132,5660
5670,5770,5530,398788,5560
5560,5600,5400,389469,5460
5500,5590,5470,286737,5510
5520,5530,5390,328575,5520
5520,5780,5500,729395,5750
5740,5750,5610,342507,5610
5600,5600,5420,375241,5490
5440,5610,5420,279261,5590
5650,5680,5510,365460,5520
5550,5810,5510,680954,5800
5830,5850,5660,479357,5740
5750,5860,5610,665556,5610
5240,5350,4975,2072675,5020
5030,5090,4725,1366889,4760
4810,4850,4615,887779,4665
4615,4740,4615,568437,4655
4655,4705,4525,407198,4535
4555,4655,4495,780836,4525
4565,4610,4515,384827,4550
4580,4595,4395,588210,4410
4445,4460,4365,478663,4455
4475,4845,4475,1157005,4735
4690,4780,4645,465801,4690
4740,4775,4645,459025,4740
4775,4805,4655,440788,4660
4660,4760,4640,344905,4750
4760,4770,4700,236593,4740
4770,4970,4720,882403,4945
4960,4960,4840,604477,4840
4820,4840,4755,438690,4785
4790,4895,4770,389785,4790
4790,4935,4730,450620,4860
4885,4895,4770,320135,4835
4840,5120,4805,791397,4990
4975,5030,4895,483502,5010
4960,5010,4865,340767,4895
4865,4895,4800,274949,4820
4860,4985,4825,441445,4940
4990,4995,4880,292539,4880
4905,4920,4825,250462,4900
4900,5030,4870,364924,4995
5010,5050,4875,288001,4875
4900,4910,4750,402120,4790
4795,4840,4690,343398,4720
4720,4770,4540,436029,4560
4570,4690,4505,292173,4525
4520,4575,4480,187050,4480
4470,4550,4465,189505,4485
4535,4800,4490,449886,4640
4680,4690,4575,269663,4630
4635,4635,4380,446812,4400
4400,4410,4145,423297,4260
4310,4320,4225,107469,4290
4245,4350,4225,160136,4285
4305,4480,4265,293309,4440
4470,4470,4400,136705,4470
4470,4580,4460,215750,4535
4535,4545,4395,203961,4425
4425,4580,4415,175913,4460
4530,4530,4270,262734,4385
4300,4435,4300,141961,4430
4440,4630,4430,275624,4540
4540,4585,4420,234450,4430
4425,4470,4375,122652,4385
4370,4470,4360,106228,4390
4400,4530,4390,322318,4500
4505,4550,4445,138062,4475
4480,4540,4360,194449,4370
4385,4415,4145,605697,4170
4170,4190,4000,329752,4045
4010,4045,3825,452179,3860
3865,3980,3865,144478,3910
3895,3965,3890,197479,3910
3905,4150,3895,469138,4090
4100,4185,3960,281257,3985
3980,4045,3940,168025,3965
3975,4045,3960,105082,3960
3970,4420,3970,1144583,4325
4340,4565,4255,1246561,4500
4525,5130,4505,3924917,4985
5010,5070,4785,1273051,4860
4900,5100,4805,1660926,4820
4870,5430,4870,4086109,5170
5220,5280,5030,940021,5070
5040,5170,4945,1048592,5090
5170,5340,5100,1598240,5100
5030,5210,5030,642009,5210
5250,5290,5140,722105,5240
5240,5270,5080,723861,5110
5100,5130,4895,1361065,4925
4930,4990,4795,921678,4870
4840,4930,4825,518560,4850
4875,4880,4650,807484,4655
4655,4660,4510,587598,4580
4600,4680,4440,685044,4470
4455,4505,4350,480185,4390
4390,4390,4300,403583,4335
4345,4820,4345,1848259,4645
4640,4640,4470,594100,4525
4590,4730,4565,609012,4655
4615,4765,4570,455433,4720
4745,4755,4650,363144,4695
4720,4755,4650,240031,4665
4705,4980,4690,1063776,4890
4840,5050,4825,939924,4870
4865,4865,4500,1570299,4630
4625,4635,4390,819874,4405
4410,4610,4410,762900,4500
4495,4570,4360,417694,4360
4350,4530,4345,354563,4430
4365,4690,4350,498292,4595
4610,4730,4595,436873,4635
4625,4640,4455,308774,4475
4460,4540,4370,261340,4430
4400,4480,4155,634781,4205
4145,4215,4065,348368,4140
4250,4250,4155,169708,4160
4180,4265,4115,195881,4115
4130,4160,4090,186146,4105
4120,4265,4120,324692,4165
4200,4245,4140,356751,4225
4295,4345,4220,460918,4250
4210,4220,4060,1073441,4060
4060,4080,3940,361681,4000
3980,4050,3980,211992,4000
3975,4040,3695,716596,3770
3740,3880,3740,258457,3880
3880,3925,3760,300718,3830
3875,3905,3825,167995,3845
3845,3920,3820,171362,3865
3870,3890,3680,434845,3685
3690,3760,3690,178083,3725
3725,3725,3455,1187680,3455
3460,3520,3400,384286,3445
3440,3545,3405,275837,3515
3475,3625,3475,385188,3535
3530,3570,3450,224008,3515
3485,3570,3400,223068,3525
3525,3770,3525,557571,3605
3640,3675,3570,213757,3655
3680,3750,3625,327972,3720
3755,3795,3645,290580,3720
3720,3720,3585,237094,3610
3560,3615,3500,224627,3530
3515,3700,3505,276996,3685
3700,3715,3605,146666,3615
3545,3600,3530,166050,3550
3570,3595,3295,473583,3305
3275,3330,3190,333010,3190
3200,3245,2990,663189,2995
2950,3035,2945,398404,3035
3025,3065,2895,445450,2895
2885,2945,2825,320972,2835
2790,2950,2785,342687,2900
2830,2890,2735,301980,2745
2745,2840,2620,395437,2770
2710,2960,2710,418682,2885
2910,2965,2840,235807,2840
2810,2840,2750,166684,2815
2815,2900,2780,148456,2830
2925,2935,2870,208656,2900
2940,2940,2800,321753,2810
2895,2900,2815,173307,2815
2815,2880,2800,211074,2845
2860,2890,2735,369361,2770
2765,2930,2765,479234,2880
2880,2890,2810,179726,2830
2850,3000,2845,600248,2955
2950,2985,2885,251932,2915
2920,2950,2750,422548,2815
2820,2820,2630,558857,2650
2645,2685,2450,604272,2455
2420,2520,2420,194980,2470
2470,2575,2470,216139,2515
2515,2625,2515,296137,2600
2640,2740,2615,341555,2665
2685,2720,2650,232616,2650
2690,3045,2660,972494,3045
3155,3290,3115,1561411,3140
3220,3220,2990,799721,3000
3020,3400,2980,2717721,3260
3260,3305,3145,1141298,3205
3170,3390,3160,1499324,3345
3345,3370,3205,581757,3250
3290,3450,3250,1789292,3305
3390,3710,3360,2585715,3545
3560,3640,3470,1192247,3485
3490,3540,3380,585715,3410
3410,3415,3190,947860,3230
3205,3230,3080,681300,3165
3165,3165,2920,794360,2925
2950,3150,2950,831796,3065
3075,3115,3000,335812,3020
3020,3165,3005,498524,3080
3105,3130,3040,305057,3130
3130,3265,3090,584355,3205
3155,3220,3125,302987,3130
3135,3180,3005,352127,3120
3070,3090,2970,446643,2980
3000,3050,2775,634448,2775
2720,2840,2705,584221,2740
2725,2820,2615,753443,2615
2660,2770,2640,541730,2770
2830,2900,2655,602485,2735
2800,2815,2710,304011,2815
2870,2870,2765,262399,2805
2835,2885,2750,256811,2860
2865,2915,2820,179529,2910
2915,2915,2815,220016,2820
2805,2875,2750,197059,2870
2850,2900,2800,211934,2840
2850,2865,2780,169740,2780
2800,2815,2680,423059,2685
2640,2725,2620,295290,2675
2650,2760,2650,214193,2715
2735,2800,2710,256471,2720
2750,2815,2705,348897,2785
2785,2865,2750,347690,2835
2810,2850,2750,183868,2765
2770,2805,2740,171201,2760
2760,3170,2710,1993006,3170
3305,3560,3290,5105861,3435
3485,3945,3365,4153345,3910
4010,4060,3700,3324925,3875
3840,4175,3775,3346470,3945
3905,4025,3605,1549586,3740
3800,3995,3580,1998209,3710
3740,3775,3540,1086428,3595
3650,4120,3350,5521608,3350
3300,3525,3285,2326185,3465
3455,3480,3335,839223,3445
3460,3635,3395,1312478,3405
3505,3795,3470,2001158,3610
3695,3790,3560,864565,3615
3725,3775,3620,1016372,3620
3620,3670,3555,615952,3620
3705,3705,3580,543746,3580
3635,3840,3585,1225479,3710
3710,3785,3605,621489,3660
3665,3790,3610,801472,3790
3805,3830,3660,661649,3675
3675,3765,3620,601947,3625
3670,3705,3450,915842,3460
3515,3560,3480,319300,3510
3560,3565,3460,434407,3530
3565,3595,3485,359940,3565
3620,4050,3595,3080843,3990
4000,4125,3900,1949452,4050
4125,4155,3980,1071111,3990
4100,4420,4005,2499881,4295
4300,4370,4185,903570,4300
4315,4360,4150,697276,4165
4115,4235,4055,667407,4140
4245,4290,4120,589924,4120
4120,4320,4110,659987,4295
4320,4325,4000,916482,4050
4030,4055,3955,429529,3965
3965,4090,3945,453798,3990
3990,4065,3970,337887,3990
4060,4065,3800,739207,3820
3820,3940,3790,425519,3885
3885,3920,3815,392911,3860
4000,4305,3945,2303157,4105
4095,4095,3875,1177407,3890
3955,4085,3880,628488,3935
3990,4185,3940,743629,4185
4175,4175,4050,673194,4065
4030,4055,3965,477252,4050
4200,4230,4050,599771,4100
4060,4060,3970,386287,4005
4005,4070,3870,581983,3985
3960,3965,3870,400553,3890
3965,4025,3890,355389,3965
4000,4000,3895,364458,3990
4015,4130,3960,636770,4130
4200,4230,4080,716042,4095
4100,4550,4100,3116899,4480
4500,4530,4390,1116750,4455
4520,4615,4385,1177314,4420
4485,4700,4410,1560441,4695
4770,4900,4400,1896842,4550
4645,4650,4485,605508,4555
4630,4795,4335,1780244,4400
4410,4430,4255,692311,4365
4280,4455,4275,515196,4420
4500,4570,4405,656975,4530
4590,4740,4280,1481673,4630
4630,4630,4450,568348,4490
4490,4525,4355,448955,4375
4350,4505,4350,323470,4480
4445,4525,4400,306392,4490
4530,4530,4300,490288,4355
4355,4360,4170,390453,4280
4250,4355,4190,215809,4285
4290,4310,4195,251123,4250
4215,4270,4075,274883,4200
4205,4320,4120,213161,4245
4265,4355,4240,210170,4280
4285,4325,4190,320579,4310
4330,4370,4235,349848,4250
4245,4320,4185,237047,4200
4200,4250,3950,650193,3950
3950,3950,3690,965726,3700
3560,3775,3445,1042885,3750
3705,3745,3570,580481,3580
3590,3670,3510,386093,3600
3605,3835,3605,514418,3710
3745,3745,3570,402971,3585
3530,3540,3460,337593,3460
3430,3525,3305,616018,3340
3400,3465,3330,432318,3330
3330,3470,3255,341058,3410
3410,3410,3270,316268,3270
3265,3415,3220,431383,3270
3220,3300,3155,365726,3175
3135,3215,3100,225745,3175
3130,3325,3130,428722,3210
3245,3320,2995,719323,3040
3050,3125,2995,618673,3040
3060,3125,2850,1029782,2990
2970,3010,2875,576567,2905
2900,3000,2795,433393,2810
2735,3000,2735,540305,2885
2860,2990,2850,266604,2955
2995,3085,2910,566673,2950
2955,3065,2930,259241,3050
3080,3080,2970,298298,3010
3025,3025,2960,237515,3000
3015,3050,2975,166516,3045
3005,3125,3005,182266,3120
3095,3285,3095,473138,3165
3025,3155,2980,319890,2980
2930,3035,2930,188144,3000
3025,3220,3025,372579,3155
3165,3210,3090,255446,3170
3170,3190,3050,248664,3065
3030,3075,2925,321895,2945
2955,3020,2895,320878,2920
2990,2990,2915,154379,2930
2910,2970,2850,211510,2920
2910,3020,2910,177275,2950
2970,3145,2970,292971,3120
3125,3185,3080,167100,3110
3160,3230,3125,477649,3150
3150,3300,3120,337329,3280
3370,3370,3180,382125,3180
3185,3225,3080,188814,3170
3135,3270,3135,196611,3200
3240,3245,3140,157891,3195
3195,3195,3085,201669,3100
3100,3135,3015,177408,3025
3010,3060,2945,161337,2965
2775,3000,2775,320706,3000
3045,3045,2965,110674,2965
2950,2995,2870,151510,2880
2890,2950,2880,91935,2900
2910,2950,2880,76109,2920
2910,2990,2885,112405,2990
3000,3035,2970,106669,3000
3000,3050,2970,101632,2985
2975,3000,2945,85031,2970
2910,2960,2880,114405,2880
2910,2970,2855,120351,2900
2900,2925,2695,288692,2750
2720,2850,2720,130389,2845
2845,2845,2845,0,2845
2820,2900,2790,117534,2790
2775,2810,2655,300332,2665
2650,2690,2485,340819,2485
2420,2520,2420,266666,2440
2230,2385,2230,278545,2270
2210,2345,2190,419615,2250
2250,2435,2250,245425,2385
2400,2520,2385,176979,2495
2520,2570,2490,147353,2490
2585,2955,2585,652042,2720
2720,2750,2650,164628,2680
2825,2825,2650,139620,2650
2600,2640,2535,108764,2580
2670,2725,2580,84977,2620
2620,2650,2525,112742,2535
2535,2600,2500,105108,2505
2490,2530,2400,112796,2405
2470,2525,2430,85565,2510
2510,2590,2465,71877,2570
2575,2700,2540,186348,2645
2645,2690,2585,133964,2625
2645,2660,2565,94633,2650
2675,2800,2655,182828,2750
2890,2950,2760,347834,2760
2760,2835,2725,146704,2760
2760,2805,2705,77797,2750
2790,2795,2735,91202,2780
2780,2805,2700,120025,2770
2745,2780,2705,96483,2745
2775,2775,2700,63514,2730
2730,2770,2660,85278,2715
2720,2785,2710,102972,2755
2770,2830,2725,169587,2820
2815,2975,2815,378186,2915
2995,2995,2905,192134,2920
2930,2930,2870,110363,2925
2935,3000,2900,179405,2920
2945,2970,2920,197431,2930
3000,3000,2870,133082,2920
2920,2930,2850,136251,2910
2870,2950,2870,108161,2890
2910,2920,2890,86825,2910
2950,2950,2865,122789,2900
2895,2915,2870,96502,2900
2875,2955,2875,184515,2910
2910,2945,2770,217367,2805
2820,2880,2800,120679,2815
2790,2860,2790,88588,2815
2815,2815,2770,118233,2780
2780,2815,2765,115029,2800
2805,2900,2795,160562,2830
2840,2865,2770,176012,2815
2820,2820,2755,131751,2770
2760,3550,2760,1168390,3170
3195,3435,2990,2428923,3275
3275,3430,3200,686600,3285
3250,3355,3160,476219,3290
3350,3600,3025,1906181,3050
3000,3060,2870,699478,2900
2920,3150,2880,646082,2965
3205,3405,2985,1783936,3000
3000,3050,2810,729745,2870
2785,2825,2590,603567,2640
2690,2700,2550,500494,2625
2650,2660,2615,186402,2645
2690,2735,2670,277404,2710
2670,2760,2670,149221,2760
2790,2845,2770,252222,2845
2850,2945,2845,271189,2915
2920,2940,2850,264057,2890
2870,2945,2870,127698,2910
2910,2925,2875,135752,2885
2860,2860,2800,163103,2815
2800,2860,2800,104234,2835
2825,2850,2785,109850,2835
2805,2840,2790,79078,2810
2815,2815,2740,85798,2770
2770,2810,2665,153702,2685
2685,2750,2670,184260,2690
2660,2775,2660,116057,2720
2710,2765,2680,96734,2700
2700,2740,2685,98078,2685
2685,2700,2550,155445,2585
2555,2620,2535,74004,2570
2645,2645,2560,137127,2635
2625,2730,2600,102809,2705
2700,2730,2675,90678,2720
2660,2735,2660,81776,2725
2710,2735,2645,41546,2725
2705,2725,2640,99285,2640
2670,2700,2630,90071,2640
2620,2695,2590,66666,2605
2620,2650,2560,117325,2600
2615,2620,2545,152822,2610
2610,2610,2550,145419,2580
2580,2610,2500,117979,2595
2580,2655,2580,118560,2645
2645,2690,2575,154559,2605
2575,2575,2485,197618,2505
2505,2505,2390,187422,2410
2410,2435,2350,164141,2370
2380,2480,2380,81412,2435
2400,2415,2350,126445,2390
2445,2445,2365,77379,2380
2325,2370,2320,54007,2345
2345,2355,2300,87643,2340
2325,2340,2210,158102,2210
2200,2300,2180,187917,2210
2250,2585,2245,619007,2455
2460,2520,2420,206264,2445
2440,2465,2400,83716,2445
2450,2530,2430,115413,2445
2425,2540,2425,140581,2520
2545,2550,2505,127765,2510
2505,2555,2505,81830,2535
2535,2535,2490,85070,2510
2485,2560,2485,95132,2515
2555,2660,2515,210381,2650
2650,2690,2630,104512,2675
2580,2595,2480,136967,2490
2470,2500,2320,133126,2400
2430,2460,2360,118616,2425
2435,2555,2435,98391,2540
2530,2625,2510,114868,2580
2620,2650,2585,92147,2650
2650,2740,2605,222604,2720
2700,2770,2695,145771,2725
2730,2765,2705,131473,2735
2735,2810,2700,188000,2770
2740,2800,2675,206373,2720
2745,2770,2670,82372,2680
2680,2880,2680,334169,2845
2870,2975,2840,460434,2955
2980,2980,2885,286009,2935
2920,2950,2880,197825,2940
2985,3030,2960,348717,3000
3035,3035,2915,180288,2970
2950,3025,2910,151975,2995
2995,3010,2950,171921,2995
2990,3015,2945,205458,3005
3030,3325,3015,1094853,3145
3140,3140,2980,426965,2980
2950,3025,2900,269928,2900
2935,3060,2925,308153,2970
2990,3030,2975,203768,3000
3020,3085,3000,219603,3040
3025,3055,2975,156251,2990
2990,3010,2965,118782,2985
2985,3040,2910,211705,2920
2915,2935,2825,210271,2825
2825,2915,2800,239595,2880
2900,2995,2865,238653,2980
3015,3095,2995,405718,3035
3050,3070,3010,215744,3020
3050,3065,3000,112922,3010
2990,3030,2980,110445,2990
3000,3015,2930,163215,2985
2980,3125,2980,221799,3085
3085,3110,3070,313910,3090
3110,3340,3030,1972305,3040
3050,3295,2990,1013365,3260
3270,3605,3270,2595080,3575
3700,3990,3610,2428917,3945
3945,4055,3750,1135519,4000
3920,4090,3835,889564,4090
4100,4180,3960,701177,4070
4080,4200,3970,828123,4110
4185,4890,4110,3219759,4670
4670,4845,4560,1297897,4675
4660,4710,4410,932713,4485
4485,4490,4145,1298548,4380
4250,4360,4155,651419,4155
4160,4390,4160,490026,4255
4260,4280,4120,328366,4210
4240,4350,4120,561682,4170
4220,4320,4160,346568,4235
4205,4205,4030,414039,4090
4090,4140,3850,486904,3900
3905,4120,3905,506106,4115
4220,4220,4100,246034,4115
4120,4220,4030,241514,4140
4120,4220,4100,290390,4195
4075,4155,3995,293582,4080
4055,4210,3920,471281,4200
4200,4340,4170,523557,4210
4120,4415,4120,597408,4235
4205,4450,4205,545253,4410
4430,4560,4325,404625,4335
4335,4340,4050,545307,4120
4140,4235,4020,324660,4070
4040,4185,4035,172393,4120
4120,4180,4070,142907,4090
4100,4145,3990,204281,4015
4015,4125,4015,115617,4050
4050,4140,4020,174193,4020
4060,4080,3860,375242,3935
3950,4010,3915,222357,3980
4000,4085,3900,233677,3950
3950,4025,3930,202373,3975
3930,3990,3815,316166,3855
3890,3890,3745,350440,3810
3800,3800,3650,227669,3670
3670,3740,3575,189918,3595
3580,3775,3580,160035,3660
3660,3730,3495,181809,3515
3585,3790,3480,202993,3655
3670,3780,3670,116216,3745
3790,3790,3650,82768,3700
3700,3735,3660,70095,3680
3700,3700,3545,142929,3605
3620,3700,3300,444503,3370
3210,3400,3210,199041,3365
3365,3600,3350,202240,3520
3580,3645,3545,110972,3640
3690,3690,3565,61971,3580
3580,3690,3580,80335,3665
3670,3915,3630,256737,3905
3900,3985,3850,179671,3920
3880,3910,3825,184257,3860
3930,4030,3880,191563,3970
3905,3955,3840,145960,3885
3890,3940,3840,115463,3850
3855,3900,3790,129930,3825
3850,3890,3800,124654,3820
3830,3880,3775,116753,3830
3860,4150,3800,604475,4070
4125,4245,4075,524637,4140
4150,4190,4005,214016,4050
4050,4150,3990,172712,3990
3980,4065,3970,134066,3995
3995,4020,3895,167744,3930
3930,4005,3900,119894,3975
3975,4195,3965,265071,4145
4170,4170,4050,152343,4050
4035,4180,4030,214350,4125
4115,4180,4100,157651,4115
4180,4470,4135,2684587,4275
4315,4470,4265,1718706,4460
4445,4900,4355,2571552,4830
4830,5180,4830,3138431,5160
5200,5560,5080,3364814,5100
5180,5470,5020,2554783,5090
5100,5260,4745,2545918,5120
5130,5190,4900,914378,5040
5000,5170,4880,1039916,5040
5100,5740,5100,4983149,5700
5790,5790,5360,2371582,5360
5370,5610,5200,1782717,5510
5510,5600,5410,762986,5540
5700,6680,5690,9668463,6200
6390,6600,6210,3274609,6460
6500,6500,5660,5890005,5840
5890,5890,5370,6055604,5510
5420,5850,5320,5499136,5620
5550,5680,5440,1253965,5560
5490,5550,4950,3162843,5000
5010,5230,4940,1957181,5090
5060,5330,4960,2105395,5270
5290,5450,5180,894980,5270
5290,5300,5080,752072,5300
5280,5390,5160,665599,5240
5200,5280,5020,862925,5080
5070,5230,5060,785651,5100
5100,5140,4750,1698698,4830
4790,4985,4775,696549,4920
4760,4885,4735,530253,4740
4800,5200,4775,764409,5070
5120,5210,5000,574998,5150
5210,5560,5110,1595455,5440
5500,5550,5370,884463,5420
5490,5490,5270,605105,5280
5260,5490,5260,466007,5390
5310,5610,5310,591442,5500
5460,5560,5300,471292,5430
5450,5620,5390,523830,5420
5450,5550,5380,446005,5480
5400,5530,5360,314257,5370
5440,5480,5280,289205,5420
5390,5450,5250,436850,5320
5230,5380,5230,335495,5250
5310,5310,5170,294059,5180
5160,5400,5050,452387,5400
5450,5480,5280,392779,5380
5380,5500,5300,325878,5350
5350,5400,5250,183619,5250
5250,5330,5170,245963,5280
5300,5800,5280,1915889,5780
5780,5910,5660,1540118,5700
5710,5800,5610,727278,5800
5910,5990,5750,983907,5790
5760,5820,5600,480471,5720
5760,5940,5720,686579,5790
5730,5780,5520,574135,5590
5530,5680,5480,476789,5680
5690,5850,5650,488567,5790
5790,5790,5490,517136,5510
5460,5670,5410,440553,5520
5500,5740,5480,512550,5720
5680,5680,5450,536281,5480
5500,5650,5300,612566,5300
5210,5370,5190,369000,5300
5300,5530,5300,255322,5530
5610,5620,5370,292843,5400
5400,5460,4860,1079322,5100
5250,5520,5200,641634,5360
5380,5650,5300,891460,5570
5560,5670,5510,409853,5570
5570,5630,5440,270015,5480
5590,5900,5500,1164255,5820
5870,5920,5660,804369,5750
5700,5750,5450,691975,5460
5400,5540,5300,341307,5430
5480,5530,5380,287623,5390
5400,5580,5360,437043,5420
5450,5470,5120,587361,5160
5150,5310,5110,285816,5230
5230,5250,5120,163918,5150
5170,5340,5120,219779,5200
5160,5230,5050,243161,5060
5260,5260,5070,188281,5190
5230,5230,5080,146337,5110
5120,5140,5010,226232,5060
5120,5310,5080,276840,5300
5300,5300,5120,207403,5200
5240,5300,5160,133577,5220
5180,5290,5160,168501,5250
5330,5740,5300,1600532,5700
5820,5840,5620,825588,5720
5750,5770,5550,466092,5590
5570,6030,5560,1753428,5980
6050,6200,5910,1070584,6140
6140,6450,6090,1272877,6150
6240,6410,6100,889363,6340
6300,6360,6200,548562,6340
6310,6400,6140,667597,6340
6300,6530,6300,680617,6410
6470,6480,6330,263491,6380
6340,6440,5980,988581,6120
6230,6550,6120,1043813,6500
6450,6830,6450,1070259,6800
6900,7190,6790,1061779,7130
7120,7160,6930,830929,7150
7050,7380,7010,670145,7240
7170,7620,7170,1272402,7570
7540,7570,7310,747833,7440
7360,7660,7140,619382,7480
7450,7580,7320,446752,7390
7350,7570,7350,459454,7430
7450,8180,7400,1819744,7900
7950,8040,7750,741790,8000
8000,8100,7860,534822,8000
7950,8580,7950,1453083,8410
8460,8710,8240,1164658,8610
8640,9000,8460,851420,8910
8900,9300,8810,1224360,9130
9200,9400,7950,3670309,8010
7800,8770,7600,3989898,8580
8580,8750,8200,919264,8350
8450,8640,8350,506298,8470
8470,8660,8100,771857,8250
8250,8390,8050,462419,8280
8250,8250,7960,660486,8030
8060,8480,8040,845553,8450
8550,8570,8100,696908,8140
8210,8210,7600,1208741,7940
7940,8190,7700,431268,8170
8190,8350,8070,373046,8100
8150,8230,8020,296301,8070
8100,8240,8020,295001,8150
8180,8180,7980,319085,8030
7990,8130,7860,418500,8030
8050,8060,7850,318550,7870
7670,8050,7670,300085,7840
7920,8730,7890,1449665,8470
8510,8720,8310,754350,8550
8530,8690,8400,476930,8490
8490,8500,8160,457688,8350
8380,8390,8090,318282,8100
8180,8340,8110,255431,8110
8140,8280,8110,287719,8250
8200,8730,8190,857180,8590
8600,8640,8270,545811,8580
8430,8700,8400,396106,8570
8460,8870,8460,918577,8850
8930,8940,8100,1765436,8270
8200,8320,7760,1619575,7930
7810,7980,7590,880747,7980
8090,8090,7690,811517,7860
7750,8000,7750,429203,7860
7880,7950,7780,227161,7860
7910,8430,7910,767779,8410
8470,8470,8210,388276,8390
8480,8480,8200,342131,8450
8560,8560,8360,284582,8410
8290,8650,8290,475083,8450
8540,8980,8440,1201710,8700
8750,9080,8300,1679916,8800
8680,8830,8420,547153,8500
8450,8750,8440,299291,8710
8790,8790,8540,334614,8650
8650,8690,8470,285700,8470
8480,8580,8370,349223,8500
8410,8530,8350,306420,8400
8380,8390,7910,839874,7980
8080,8110,7600,942073,7850
7800,7860,7560,615511,7840
7900,8120,7840,364098,8060
8070,8070,7700,364553,7950
8280,8360,7980,637397,8090
8180,8180,7870,256589,8020
8020,8020,7910,212053,7990
7990,8200,7960,326745,8030
8040,8150,8000,194446,8060
8070,8130,7860,529988,7950
7950,7980,7800,304909,7910
7910,8030,7850,213836,7920
7920,7960,7840,195897,7860
7810,7940,7800,140742,7860
7900,8040,7750,469424,7980
8040,8070,7800,389577,7830
7810,7880,7600,518174,7630
7680,7830,7560,265623,7640
7610,7800,7610,244392,7700
7700,7780,7630,220408,7650
7640,7640,7380,535544,7410
7480,7500,6970,1469786,6980
7080,7280,6980,762810,7270
7270,7280,6990,520544,7100
7040,7050,6720,944877,6880
6880,6950,6370,1660500,6450
6500,6700,6490,790526,6620
6470,6770,6470,612149,6530
6570,6920,6570,947899,6790
6710,7140,6600,1324146,7130
7110,7170,6980,487108,7090
7050,7050,6860,615495,6990
6920,7110,6920,462994,6960
6970,7060,6760,669271,6770
6850,7290,6750,1836476,7240
7270,7380,7000,905644,7050
7060,7270,6990,763981,7090
7070,7080,6960,370467,6980
7020,7090,6760,884101,6810
6810,6870,6660,344467,6840
6770,6860,6740,404304,6780
6800,6800,6540,797437,6560
6580,6720,6460,580982,6660
6650,6820,6610,378770,6630
6630,6660,6410,881041,6440
6440,6440,6060,1169771,6150
6140,6140,5900,872159,5970
5970,6160,5910,566150,5950
6050,6060,5890,397915,5910
5910,6090,5900,444250,6060
6070,6070,5810,467887,5820
5750,5960,5580,604503,5840
5810,5920,5750,241042,5780
5800,5800,5540,511331,5600
5600,5800,5560,526875,5700
5700,5800,5630,241057,5710
5700,5800,5590,311418,5620
5570,5700,5570,234466,5610
5620,6060,5620,1138203,6030
6020,6030,5660,758346,5740
5730,5730,5610,303987,5650
5630,5760,5600,173487,5720
5720,5730,5610,199832,5670
5700,5710,5450,612818,5460
5490,5780,5490,440139,5660
5730,5830,5650,260208,5670
5690,5970,5670,812724,5950
5970,6230,5890,1016584,5940
6000,6210,5990,546513,6200
6210,6390,6180,607322,6220
6120,6220,5900,750738,6200
6210,6280,6110,270833,6160
6120,6180,6020,276134,6100
6130,6300,6130,311331,6230
6200,6320,6140,292441,6150
6180,6240,6050,205924,6070
6040,6160,6030,188360,6070
6070,6130,5890,289478,5940
5800,6050,5800,213953,6040
6100,6510,6040,1454430,6460
6630,6650,6410,863095,6510
6510,6730,6320,1258324,6650
6630,6770,6530,619239,6700
6760,6830,6630,512893,6740
6730,6730,6410,495241,6480
6460,6530,6300,395128,6320
6320,6400,6100,655834,6160
6000,6150,5940,467038,6000
5950,6300,5950,520145,6300
6300,6520,6270,465934,6340
6360,6600,6310,622794,6600
6600,6750,6500,751573,6710
6670,6750,6570,382101,6690
6740,6950,6560,1115798,6910
6910,7280,6850,1978034,7160
7170,7270,7040,838181,7060
7030,7270,7010,642913,7200
7190,7190,6930,953329,6950
6920,7090,6730,556958,7080
7180,7430,7090,1179539,7400
7510,7520,7190,727499,7360
7360,7380,7130,600169,7160
6890,7140,6850,505961,7030
7080,7130,6850,466141,6860
6850,7030,6850,284382,6910
6950,7100,6860,313508,7000
7080,7080,6450,1335290,6600
6600,6750,6460,542224,6650
6750,6760,6510,453585,6600
6680,7040,6640,1025490,7020
7090,7220,7010,593002,7020
6940,7170,6870,308109,7050
7020,7180,6990,462329,7100
7140,7170,6850,413197,6940
6960,7060,6710,378256,6800
6800,6940,6660,225011,6710
6420,6850,6420,396725,6770
6770,6770,6770,0,6770
6630,6790,6580,158237,6630
6650,6740,6600,122610,6710
6720,6860,6600,167555,6650
6650,6700,6480,272281,6550
6570,6800,6450,230762,6740
6830,6940,6820,350262,6920
6920,7200,6800,1025796,7150
7150,7340,7090,651980,7190
7250,7250,6960,419608,7150
7170,7170,6930,372997,6980
7420,7850,7250,4148666,7800
7920,8170,7760,1933630,8000
8030,8590,8030,2600544,8500
8650,8650,8250,1666363,8450
8530,8640,8380,897000,8570
8600,8840,8120,1906307,8180
8200,8440,8080,761003,8380
8320,8400,8050,818799,8310
8300,8320,8110,605011,8250
8260,8620,8090,1768608,8180
8200,8210,7810,1216779,7890
7950,8080,7830,481009,7920
7900,7910,7630,636131,7790
7790,7830,7560,817113,7630
7700,8020,7640,1161626,7730
7790,7800,7600,458449,7610
7570,7710,7350,626341,7690
7730,7730,7350,771903,7370
7350,7470,7150,1076687,7260
7320,7330,7090,692705,7200
7240,7450,7040,827022,7450
7420,7420,7240,496194,7260
7260,7490,7160,664897,7230
7180,7440,7080,943315,7230
7260,7650,7210,1616343,7570
7670,7860,7480,1625279,7820
7900,7910,7700,578592,7740
7770,7930,7650,580661,7800
7800,8200,7780,1682911,8010
8010,8170,7940,877428,8040
8030,8030,7750,632530,7840
7900,8130,7820,718950,8050
8080,8310,8020,1174880,8100
8150,8180,7900,673384,8090
8100,8170,7680,783076,7730
7740,7940,7430,812740,7910
8000,8000,7610,362279,7650
7570,7900,7570,337979,7820
7890,7900,7710,214000,7790
7850,7980,7810,408803,7940
7990,8110,7870,618310,8030
8070,8170,8000,553430,8000
8080,8080,7890,315702,7900
7890,7960,7610,496699,7690
7630,7700,7390,487788,7390
7320,7640,7320,318844,7520
7450,7600,7180,584652,7370
7360,7580,7220,410282,7540
7640,7640,7430,280942,7580
7580,7670,7440,376134,7530
7550,7580,7400,389117,7450
7530,8300,7450,3233154,8300
8450,8490,8210,2020778,8340
8370,8790,8350,4293378,8560
8760,8950,8520,3681710,8570
8630,8810,8420,1269340,8600
8580,8700,8060,2081187,8200
8300,8360,7960,1412425,8330
8260,8300,8030,957837,8100
8100,8650,8040,1586214,8590
8590,8670,8330,1068769,8590
8650,8680,8470,697898,8620
8660,8990,8530,2007297,8820
9000,9230,8210,3250889,8570
8570,9080,8480,2513190,9050
9050,10000,8900,5797090,10000
10100,10900,9850,5304672,10400
10450,11300,10450,3998278,10650
10750,10950,10450,1789355,10650
10700,10750,10150,1791472,10400
10200,10350,9860,1918185,10000
10050,10400,9930,1439797,10350
10450,10500,9990,1265903,10100
9670,10000,9650,1044177,9750
9320,9920,9080,2002854,9850
10100,10100,9070,1807878,9070
9060,9340,8960,973485,9270
8810,9170,8810,870640,8890
8980,9060,8610,859788,8730
8870,9290,8830,1362796,9120
9200,9230,8850,544898,9060
9210,9240,9050,446159,9150
9210,9240,8970,417591,9030
9050,9370,8980,591260,9280
9480,9930,9380,2400994,9820
9900,9900,9390,1542208,9650
9740,9860,9590,793163,9840
9910,9920,9690,415413,9730
9650,9770,9430,603328,9590
9360,9430,9100,753296,9210
9210,9490,9190,649018,9280
9450,9450,9280,433019,9350
9320,9460,9050,588238,9250
9250,9330,8960,687688,9040
9110,9700,9070,1341521,9570
9750,9870,9600,787829,9830
9750,9830,9470,604202,9570
9500,9680,9410,476433,9610
9540,9550,9290,546988,9420
9440,9440,9280,293375,9360
9360,9470,9090,677930,9410
9330,10050,9320,2249342,9990
10050,10200,9740,1435831,10000
10000,10300,9750,927910,9850
9490,9630,9270,1080846,9280
9280,9580,9110,907991,9550
9650,9660,9390,497887,9410
9300,9830,9250,931054,9650
9780,9920,9540,654348,9710
9740,10100,9670,1265757,9800
9780,10000,9600,973864,9710
9540,10000,9540,979173,9880
9930,10150,9710,1049532,9720
9870,9960,9620,918967,9750
9820,9820,9540,534738,9610
9550,9710,9300,849373,9370
9400,9400,8900,1593193,8940
9040,9140,8920,705243,9090
9150,9150,8950,572546,9000
9100,9100,8720,670153,8970
8960,9030,8610,1116243,8740
8820,8900,8710,403080,8750
8830,9090,8780,775372,9060
9060,9090,8860,558765,8900
8850,8900,8720,521118,8790
8790,8880,8160,1882205,8220
8220,8270,7990,851759,8070
8000,8140,7800,896586,7830
7800,7950,7800,593896,7860
7910,8070,7830,454444,7900
7960,8030,7510,1293266,7650
7730,8770,7600,2809389,8510
8470,8480,7840,1384403,7840
7910,8150,7800,830801,7850
8050,8050,7500,971839,7500
7490,7700,7090,1541009,7120
7230,7420,7100,960342,7250
7300,7370,6980,1475088,7070
7080,7270,7010,1018092,7180
7220,7220,7010,708351,7030
6890,7000,6500,1681728,6510
6540,6950,6540,963504,6810
6900,6990,6730,450689,6980
7020,7020,6840,250401,6890
6890,7020,6890,419537,6960
6930,7000,6700,430404,6700
6520,6770,6420,379778,6650
6800,7120,6770,806967,7070
7100,7150,6740,581416,6740
6730,6830,6450,574645,6790
6840,7010,6700,367801,6930
6900,7290,6850,868583,7240
7320,7790,7310,1951846,7700
7790,7860,7560,691254,7710
7680,7680,7450,450541,7550
7510,7670,7390,472464,7480
7490,7620,7440,370043,7580
7680,7690,7480,415179,7580
7520,7580,7420,247226,7440
7450,8190,7310,2215774,7780
7850,8070,7420,1278669,7470
7470,7550,6850,808123,6890
6890,7100,6680,336488,7050
7050,7280,6880,406831,6920
6920,7010,6590,640418,6740
6650,6920,6600,303561,6890
6700,6850,6610,301705,6760
6700,6860,6610,287401,6620
6620,6630,6350,502832,6420
6360,6510,6210,349843,6500
6510,6520,6020,458752,6050
5970,6200,5790,683811,6030
5920,6140,5860,390931,5860
5920,6120,5900,335932,5930
5980,6120,5930,264966,6120
6100,6120,5920,150747,6090
6130,6260,6110,176509,6180
6160,6220,6040,144936,6160
6150,6470,6140,349543,6320
6280,6430,6230,182983,6320
6330,6340,6190,212734,6200
6240,6240,6010,310600,6080
6050,6160,5970,273571,6000
6050,6460,5910,767263,6420
6370,6370,6080,430744,6110
6110,6110,5840,422277,5850
5830,5940,5720,237176,5830
5830,6100,5830,306084,5960
6000,6210,6000,273232,6120
6180,6340,6010,260425,6180
6190,6300,6160,152018,6250
6170,6240,6130,113332,6200
6200,6280,6150,161761,6240
6320,6450,6160,339583,6250
6330,6400,6250,111620,6280
6260,6360,6240,130450,6330
6350,6400,6250,141358,6340
6350,6490,6250,224104,6350
6320,6370,6240,186255,6330
6350,6460,6290,201602,6330
6270,6280,5980,254733,6010
5980,6080,5930,222868,6010
6010,6080,5870,178101,6030
6000,6180,6000,141030,6180
6230,6320,6200,167568,6260
6300,6360,6240,125257,6280
6290,6390,6280,175103,6360
6370,6410,6230,149450,6310
6300,6380,6240,163211,6360
6360,6480,6260,236243,6460
6460,6510,6410,127063,6460
6480,6760,6450,500409,6750
6800,6930,6720,486096,6800
6800,6810,6610,315914,6670
6660,6660,6500,182431,6570
6550,6840,6550,431755,6750
6790,6790,6630,164175,6630
6730,6730,6560,138976,6590
6560,6750,6480,367388,6530
6540,6720,6460,189643,6670
6770,6770,6570,206119,6630
6700,6700,6520,200835,6540
6540,6600,6330,295555,6380
6440,6440,6320,168028,6340
6270,6400,6240,175737,6320
6280,6350,6240,188221,6300
6300,6330,6190,239954,6220
6260,6300,6210,149232,6250
6290,6370,6250,144460,6330
6350,6460,6310,159080,6460
6500,6540,6460,193214,6480
6480,6500,6340,147307,6360
6390,6390,6090,257227,6120
6120,6180,6020,209978,6080
6050,6060,5850,229554,5920
5820,6050,5820,122717,5860
5830,5890,5460,320298,5520
5150,5360,5100,379914,5100
5060,5180,5000,274475,5090
5090,5150,4950,309409,4970
4960,5050,4955,167937,4975
5030,5250,5030,207445,5150
5150,5280,5040,158265,5060
5090,5090,4900,136495,5040
5060,5150,4995,97007,5100
5020,5170,4850,265826,4875
4980,4980,4725,315081,4755
4545,4680,4430,339118,4560
4585,4610,4350,270644,4450
4405,4580,4010,485295,4010
3840,4265,3840,396714,4245
4210,4315,4160,237976,4285
4350,4550,4350,233519,4420
4455,4650,4455,288984,4560
4515,4655,4460,108054,4600
4600,4730,4560,169343,4625
4700,4755,4560,219630,4615
4700,4915,4690,347687,4915
4920,4940,4760,169686,4850
4845,4845,4730,95092,4775
4650,4865,4550,178576,4840
4900,4910,4750,106974,4825
4750,4910,4750,86726,4845
4900,4905,4800,92479,4820
4825,4980,4825,107549,4975
4910,4910,4795,201897,4830
4795,4850,4670,100510,4805
4810,5290,4810,736133,5070
5140,5230,4960,282779,4960
4960,5050,4925,110548,5010
5060,5060,4930,98255,4960
4960,5070,4915,124266,4915
4960,5000,4770,208074,4840
4840,5020,4800,271279,4950
5040,5100,4950,196286,5070
5100,5110,4965,140606,4985
4855,4925,4840,139417,4875
4875,4900,4650,214801,4715
4720,4800,4620,215234,4640
4615,4660,4500,115254,4565
4565,4600,4405,179936,4405
4430,4560,4425,193214,4500
4505,4680,4500,232569,4650
4660,4725,4600,129700,4675
4650,4680,4555,76885,4560
4500,4540,4450,107870,4515
4600,4750,4520,199296,4620
4520,4700,4500,128666,4520
4490,4540,4435,153759,4445
4480,4490,4285,181005,4340
4210,4235,4170,196282,4200
4450,4450,4260,61794,4325
4375,4375,4305,51329,4335
4435,4450,4310,91768,4380
4365,4425,4270,128349,4295
4245,4265,4095,276479,4140
4215,4520,4195,427149,4450
4450,4665,4440,357982,4550
4620,4735,4570,184192,4700
4720,4900,4660,304472,4750
4760,4850,4660,137028,4775
4875,4875,4685,134726,4715
4715,4750,4660,116569,4730
4750,4850,4705,147415,4785
4830,4850,4640,170231,4685
4685,4875,4675,281073,4860
4900,4930,4820,159280,4870
4880,4910,4835,103687,4880
4860,5000,4820,228193,4990
5030,5190,5010,480840,5190
5220,5250,5060,254642,5120
5180,5180,5030,228441,5060
5060,5110,4990,189058,5110
5110,5140,5020,142086,5050
5100,5120,4995,162579,5080
5080,5160,5040,208720,5150
4220,4280,4205,131853,4270
4190,4240,4135,113234,4160
4195,4195,3995,242430,4000
3970,4050,3965,126460,4030
4050,4070,3975,81062,4000
4010,4050,3895,161826,3900
3930,3990,3895,162197,3940
3940,4035,3930,48549,3955
3935,4045,3935,87933,4025
4040,4040,3970,72892,3980
3980,4045,3950,81849,4030
4030,4050,3990,36502,4045
3985,4020,3965,77714,3990
3990,4070,3985,66824,4060
4060,4140,4055,58564,4065
4075,4080,3975,154163,4020
4005,4110,4005,101739,4105
4120,4225,4100,142643,4200
4235,4660,4235,1170007,4290
4285,4285,4205,116516,4285
4300,4310,4225,107369,4240
4240,4285,4200,73347,4220
4275,4275,4170,125727,4210
4215,4345,4215,196300,4340
4365,4365,4295,70026,4345
4355,4355,4295,67324,4310
4325,4345,4285,72959,4295
4305,4445,4305,157580,4370
4370,4370,4255,108233,4260
4320,4320,4250,45336,4250
4225,4320,4180,59223,4230
4300,4355,4255,91401,4315
4315,4375,4270,73901,4310
4350,4365,4295,78437,4310
4315,4345,4280,120461,4300
4285,4410,4280,136122,4340
4380,4395,3950,452388,3995
4015,4065,3960,152130,3975
3975,4005,3910,221517,3920
3965,4135,3950,214207,4105
4065,4115,4065,89132,4115
4130,4130,4030,57131,4050
4050,4090,4005,60521,4050
4030,4085,4000,60982,4020
4025,4025,3950,80066,3970
3990,4015,3945,65837,4000
3995,4030,3945,71589,3960
3990,3990,3940,76739,3940
3935,3970,3790,344521,3820
3840,3840,3645,259072,3710
3710,3715,3575,195715,3595
3560,3610,3405,193831,3410
3310,3535,3310,80658,3495
3495,3540,3400,65205,3510
3510,3520,3420,42866,3495
